First Name,LinkedIn
Hezekiah,https://www.linkedin.com/in/hezekiahbranch/
John, https://www.linkedin.com/in/john-ali-439815131/
DeAndre,https://www.linkedin.com/in/deandre-brown/
Jacob,https://www.linkedin.com/in/jacobhurwitz/
Cameron,https://www.linkedin.com/in/cameron-tucker/
Caleb, https://www.linkedin.com/in/caleb-davis-099611143/
